,日期,白天天气,夜间天气,最高气温(℃),最低气温(℃),白天风力(级),夜间风力(级),年份,月份
0,2022-01-01,多云,多云,7,-7,5-6,5-6,2022,1
1,2022-01-02,晴,多云,0,-7,3-4,3-4,2022,1
2,2022-01-03,多云,晴,4,-6,4-5,4-5,2022,1
3,2022-01-04,晴,多云,0,-5,3-4,3-4,2022,1
4,2022-01-05,多云,晴,1,-4,4-5,4-5,2022,1
5,2022-01-06,晴,晴,0,-5,4-5,4-5,2022,1
6,2022-01-07,晴,晴,5,-3,4-5,4-5,2022,1
7,2022-01-08,晴,晴,4,-5,4-5,4-5,2022,1
8,2022-01-09,多云,多云,0,-5,3-4,3-4,2022,1
9,2022-01-10,阴,晴,-2,-8,4-5,4-5,2022,1
10,2022-01-11,晴,多云,-5,-9,4-5,4-5,2022,1
11,2022-01-12,小到中雪,多云,-1,-7,4-5,4-5,2022,1
12,2022-01-13,晴,晴,-2,-7,4-5,4-5,2022,1
13,2022-01-14,晴,多云,4,-3,4-5,4-5,2022,1
14,2022-01-15,多云,晴,4,-7,4-5,4-5,2022,1
15,2022-01-16,晴,晴,-1,-8,3-4,3-4,2022,1
16,2022-01-17,晴,晴,-1,-8,4-5,4-5,2022,1
17,2022-01-18,多云,小雪,2,-7,4-5,4-5,2022,1
18,2022-01-19,多云,晴,-7,-12,5-6,5-6,2022,1
19,2022-01-20,晴,晴,-5,-11,4-5,4-5,2022,1
20,2022-01-21,多云,小雪,-2,-8,3-4,3-4,2022,1
21,2022-01-22,小雪,多云,0,-6,4-5,4-5,2022,1
22,2022-01-23,晴,晴,-2,-6,4-5,4-5,2022,1
23,2022-01-24,多云,多云,-2,-6,4-5,4-5,2022,1
24,2022-01-25,多云,晴,2,-6,4-5,4-5,2022,1
25,2022-01-26,多云,多云,-1,-5,4-5,4-5,2022,1
26,2022-01-27,晴,多云,-2,-5,3-4,3-4,2022,1
27,2022-01-28,晴,晴,-2,-6,3-4,3-4,2022,1
28,2022-01-29,晴,晴,-1,-6,3-4,3-4,2022,1
29,2022-01-30,晴,多云,3,-3,4-5,4-5,2022,1
30,2022-01-31,小雪,多云,3,-6,4-5,4-5,2022,1
31,2022-02-01,晴,晴,-3,-6,4-5,4-5,2022,2
32,2022-02-02,晴,晴,0,-5,3-4,3-4,2022,2
33,2022-02-03,晴,晴,1,-7,3-4,3-4,2022,2
34,2022-02-04,多云,晴,-4,-9,4-5,4-5,2022,2
35,2022-02-05,晴,晴,0,-6,4-5,4-5,2022,2
36,2022-02-06,晴,多云,0,-3,4-5,4-5,2022,2
37,2022-02-07,多云,晴,3,-3,3-4,3-4,2022,2
38,2022-02-08,晴,晴,5,-1,3-4,3-4,2022,2
39,2022-02-09,晴,晴,7,1,3-4,3-4,2022,2
40,2022-02-10,晴,晴,8,1,3-4,3-4,2022,2
41,2022-02-11,晴,晴,7,-2,4-5,4-5,2022,2
42,2022-02-12,多云,阴,2,-4,4-5,4-5,2022,2
43,2022-02-13,阴,小到中雪,2,-6,4-5,4-5,2022,2
44,2022-02-14,阵雪,晴,-5,-9,4-5,4-5,2022,2
45,2022-02-15,多云,多云,-7,-9,4-5,4-5,2022,2
46,2022-02-16,多云,晴,-6,-9,4-5,4-5,2022,2
47,2022-02-17,晴,多云,-2,-8,3-4,3-4,2022,2
48,2022-02-18,阴,多云,2,-6,4-5,4-5,2022,2
49,2022-02-19,晴,晴,-4,-7,4-5,4-5,2022,2
50,2022-02-20,晴,晴,1,-7,4-5,4-5,2022,2
51,2022-02-21,晴,小雪,-2,-6,4-5,4-5,2022,2
52,2022-02-22,晴,晴,-2,-7,4-5,4-5,2022,2
53,2022-02-23,晴,晴,2,-5,4-5,4-5,2022,2
54,2022-02-24,晴,晴,7,1,4-5,4-5,2022,2
55,2022-02-25,晴,雨夹雪,9,3,4-5,4-5,2022,2
56,2022-02-26,多云,晴,6,2,4-5,4-5,2022,2
57,2022-02-27,晴,晴,10,2,3-4,3-4,2022,2
58,2022-02-28,多云,阴,10,0,4-5,4-5,2022,2
59,2022-03-01,晴,晴,5,1,3-4,3-4,2022,3
60,2022-03-02,晴,晴,9,1,4-5,4-5,2022,3
61,2022-03-03,晴,晴,9,2,4-5,4-5,2022,3
62,2022-03-04,晴,晴,13,1,5-6,5-6,2022,3
63,2022-03-05,晴,晴,4,0,5-6,5-6,2022,3
64,2022-03-06,多云,阴,6,1,4-5,4-5,2022,3
65,2022-03-07,多云,晴,10,2,4-5,4-5,2022,3
66,2022-03-08,晴,晴,10,2,3-4,3-4,2022,3
67,2022-03-09,多云,多云,9,1,4-5,4-5,2022,3
68,2022-03-10,晴,多云,14,4,4-5,4-5,2022,3
69,2022-03-11,多云,多云,10,5,4-5,4-5,2022,3
70,2022-03-12,小到中雨,多云,9,5,4-5,4-5,2022,3
71,2022-03-13,多云,小到中雨,9,5,4-5,4-5,2022,3
72,2022-03-14,阴,多云,8,2,3-4,3-4,2022,3
73,2022-03-15,多云,多云,13,3,4-5,4-5,2022,3
74,2022-03-16,多云,多云,7,0,4-5,4-5,2022,3
75,2022-03-17,多云,多云,5,-1,5-6,5-6,2022,3
76,2022-03-18,雨夹雪,中雪,5,-1,4-5,4-5,2022,3
77,2022-03-19,多云,晴,3,-2,5-6,5-6,2022,3
78,2022-03-20,晴,晴,7,2,3-4,3-4,2022,3
79,2022-03-21,多云,晴,9,2,3-4,3-4,2022,3
80,2022-03-22,多云,阴,8,4,3-4,3-4,2022,3
81,2022-03-23,晴,多云,11,5,4-5,4-5,2022,3
82,2022-03-24,多云,阴,14,8,4-5,4-5,2022,3
83,2022-03-25,中到大雨,小雨,9,6,4-5,4-5,2022,3
84,2022-03-26,晴,多云,12,5,4-5,4-5,2022,3
85,2022-03-27,晴,晴,10,5,4-5,4-5,2022,3
86,2022-03-28,晴,多云,12,6,4-5,4-5,2022,3
87,2022-03-29,多云,小雨,12,6,4-5,4-5,2022,3
88,2022-03-30,多云,晴,10,4,4-5,4-5,2022,3
89,2022-03-31,晴,晴,11,4,4-5,4-5,2022,3
90,2022-04-01,晴,多云,11,4,3-4,3-4,2022,4
91,2022-04-02,晴,晴,13,6,1-2,1-2,2022,4
92,2022-04-03,晴,晴,14,8,4-5,4-5,2022,4
93,2022-04-04,多云,晴,16,9,3-4,3-4,2022,4
94,2022-04-05,晴,晴,17,5,3-4,3-4,2022,4
95,2022-04-06,阵雨,晴,9,5,4-5,4-5,2022,4
96,2022-04-07,晴,晴,14,7,4-5,4-5,2022,4
97,2022-04-08,晴,多云,17,11,4-5,4-5,2022,4
98,2022-04-09,晴,晴,18,9,4-5,4-5,2022,4
99,2022-04-10,晴,晴,20,11,4-5,4-5,2022,4
100,2022-04-11,多云,小到中雨,20,9,5-6,5-6,2022,4
101,2022-04-12,阵雨,多云,15,8,4-5,4-5,2022,4
102,2022-04-13,晴,多云,14,8,4-5,4-5,2022,4
103,2022-04-14,多云,晴,12,8,4-5,4-5,2022,4
104,2022-04-15,晴,晴,16,8,4-5,4-5,2022,4
105,2022-04-16,晴,晴,17,10,3-4,3-4,2022,4
106,2022-04-17,多云,多云,17,11,4-5,4-5,2022,4
107,2022-04-18,多云,晴,20,9,4-5,4-5,2022,4
108,2022-04-19,晴,晴,19,12,4-5,4-5,2022,4
109,2022-04-20,晴,晴,21,13,4-5,4-5,2022,4
110,2022-04-21,多云,阵雨,20,11,4-5,4-5,2022,4
111,2022-04-22,晴,晴,17,10,3-4,3-4,2022,4
112,2022-04-23,晴,多云,19,12,4-5,4-5,2022,4
113,2022-04-24,多云,多云,20,10,3-4,3-4,2022,4
114,2022-04-25,多云,阵雨,17,11,4-5,4-5,2022,4
115,2022-04-26,雷阵雨,晴,21,11,4-5,4-5,2022,4
116,2022-04-27,晴,阴,17,11,3-4,3-4,2022,4
117,2022-04-28,阵雨,多云,15,9,4-5,4-5,2022,4
118,2022-04-29,晴,多云,17,10,3-4,3-4,2022,4
119,2022-04-30,多云,晴,17,11,4-5,4-5,2022,4
120,2022-05-01,晴,晴,20,10,3-4,3-4,2022,5
121,2022-05-02,晴,晴,19,11,4-5,4-5,2022,5
122,2022-05-03,晴,晴,23,15,4-5,4-5,2022,5
123,2022-05-04,晴,晴,25,15,4-5,4-5,2022,5
124,2022-05-05,晴,多云,23,14,4-5,4-5,2022,5
125,2022-05-06,阵雨,多云,18,12,4-5,4-5,2022,5
126,2022-05-07,晴,多云,18,12,4-5,4-5,2022,5
127,2022-05-08,阵雨,多云,15,10,3-4,3-4,2022,5
128,2022-05-09,晴,多云,17,11,3-4,3-4,2022,5
129,2022-05-10,多云,阴,16,11,3-4,3-4,2022,5
130,2022-05-11,多云,阴,18,12,3-4,3-4,2022,5
131,2022-05-12,多云,多云,19,12,3-4,3-4,2022,5
132,2022-05-13,多云,晴,20,13,4-5,4-5,2022,5
133,2022-05-14,晴,晴,20,12,4-5,4-5,2022,5
134,2022-05-15,晴,晴,21,14,3-4,3-4,2022,5
135,2022-05-16,晴,晴,23,13,3-4,3-4,2022,5
136,2022-05-17,晴,多云,20,13,3-4,3-4,2022,5
137,2022-05-18,晴,晴,24,13,3-4,3-4,2022,5
138,2022-05-19,晴,多云,22,15,3-4,3-4,2022,5
139,2022-05-20,晴,晴,24,16,3-4,3-4,2022,5
140,2022-05-21,晴,晴,25,18,4-5,4-5,2022,5
141,2022-05-22,晴,晴,28,16,3-4,3-4,2022,5
142,2022-05-23,晴,晴,29,18,4-5,4-5,2022,5
143,2022-05-24,晴,雷阵雨,28,15,4-5,4-5,2022,5
144,2022-05-25,多云,晴,23,15,4-5,4-5,2022,5
145,2022-05-26,多云,多云,25,16,4-5,4-5,2022,5
146,2022-05-27,晴,多云,26,18,4-5,4-5,2022,5
147,2022-05-28,晴,多云,28,18,4-5,4-5,2022,5
148,2022-05-29,雷阵雨,中雨,26,16,4-5,4-5,2022,5
149,2022-05-30,晴,晴,25,17,4-5,4-5,2022,5
150,2022-05-31,多云,雷阵雨,26,16,4-5,4-5,2022,5
151,2022-06-01,晴,晴,25,17,3-4,3-4,2022,6
152,2022-06-02,晴,多云,28,16,3-4,3-4,2022,6
153,2022-06-03,多云,多云,24,19,4-5,4-5,2022,6
154,2022-06-04,多云,阴,22,17,4-5,4-5,2022,6
155,2022-06-05,多云,阴,21,17,4-5,4-5,2022,6
156,2022-06-06,雷阵雨,阵雨,21,16,4-5,4-5,2022,6
157,2022-06-07,多云,多云,21,15,3-4,3-4,2022,6
158,2022-06-08,多云,多云,20,17,3-4,3-4,2022,6
159,2022-06-09,多云,小到中雨,22,18,4-5,4-5,2022,6
160,2022-06-10,雷阵雨,多云,22,17,4-5,4-5,2022,6
161,2022-06-11,多云,多云,23,18,4-5,4-5,2022,6
162,2022-06-12,雷阵雨,阴,23,18,4-5,4-5,2022,6
163,2022-06-13,雷阵雨,雷阵雨,23,18,4-5,4-5,2022,6
164,2022-06-14,中雨,中到大雨,21,17,4-5,4-5,2022,6
165,2022-06-15,阵雨,晴,21,17,3-4,3-4,2022,6
166,2022-06-16,晴,多云,26,19,3-4,3-4,2022,6
167,2022-06-17,多云,多云,23,19,4-5,4-5,2022,6
168,2022-06-18,阴,多云,23,19,4-5,4-5,2022,6
169,2022-06-19,多云,阴,24,19,3-4,3-4,2022,6
170,2022-06-20,多云,多云,25,20,3-4,3-4,2022,6
171,2022-06-21,多云,多云,26,20,3-4,3-4,2022,6
172,2022-06-22,多云,中到大雨,25,20,4-5,4-5,2022,6
173,2022-06-23,雷阵雨,晴,27,21,4-5,4-5,2022,6
174,2022-06-24,晴,多云,30,22,4-5,4-5,2022,6
175,2022-06-25,多云,雷阵雨,30,20,4-5,4-5,2022,6
176,2022-06-26,多云,中到大雨,30,21,4-5,4-5,2022,6
177,2022-06-27,大到暴雨,小雨,26,21,5-6,5-6,2022,6
178,2022-06-28,阴,多云,27,21,3-4,3-4,2022,6
179,2022-06-29,多云,阵雨,27,21,3-4,3-4,2022,6
180,2022-06-30,多云,雷阵雨,26,21,3-4,3-4,2022,6
181,2022-07-01,多云,雷阵雨,26,21,4-5,4-5,2022,7
182,2022-07-02,阴,阴,27,22,4-5,4-5,2022,7
183,2022-07-03,多云,多云,26,22,3-4,3-4,2022,7
184,2022-07-04,多云,多云,26,22,3-4,3-4,2022,7
185,2022-07-05,多云,雷阵雨,27,22,3-4,3-4,2022,7
186,2022-07-06,大雨,暴雨,26,22,4-5,4-5,2022,7
187,2022-07-07,阵雨,多云,28,23,4-5,4-5,2022,7
188,2022-07-08,晴,多云,31,23,3-4,3-4,2022,7
189,2022-07-09,晴,晴,31,23,3-4,3-4,2022,7
190,2022-07-10,雷阵雨,多云,27,22,3-4,3-4,2022,7
191,2022-07-11,多云,多云,26,22,3-4,3-4,2022,7
192,2022-07-12,雷阵雨,大雨,26,22,4-5,4-5,2022,7
193,2022-07-13,阴,多云,28,22,4-5,4-5,2022,7
194,2022-07-14,晴,晴,29,22,3-4,3-4,2022,7
195,2022-07-15,晴,晴,30,23,4-5,4-5,2022,7
196,2022-07-16,晴,晴,30,23,3-4,3-4,2022,7
197,2022-07-17,多云,多云,30,23,3-4,3-4,2022,7
198,2022-07-18,多云,晴,30,23,3-4,3-4,2022,7
199,2022-07-19,晴,多云,31,23,3-4,3-4,2022,7
200,2022-07-20,阵雨,雷阵雨,29,22,3-4,3-4,2022,7
201,2022-07-21,阵雨,多云,29,22,3-4,3-4,2022,7
202,2022-07-22,晴,雷阵雨,29,23,3-4,3-4,2022,7
203,2022-07-23,雷阵雨,多云,27,21,3-4,3-4,2022,7
204,2022-07-24,晴,晴,29,23,3-4,3-4,2022,7
205,2022-07-25,晴,晴,30,23,3-4,3-4,2022,7
206,2022-07-26,晴,晴,28,23,3-4,3-4,2022,7
207,2022-07-27,多云,多云,29,24,3-4,3-4,2022,7
208,2022-07-28,雷阵雨,小到中雨,28,24,4-5,4-5,2022,7
209,2022-07-29,中雨,小雨,28,24,4-5,4-5,2022,7
210,2022-07-30,阴,多云,29,24,3-4,3-4,2022,7
211,2022-07-31,多云,多云,28,24,3-4,3-4,2022,7
212,2022-08-01,多云,多云,30,25,3-4,3-4,2022,8
213,2022-08-02,多云,多云,31,26,3-4,3-4,2022,8
214,2022-08-03,晴,晴,32,26,3-4,3-4,2022,8
215,2022-08-04,多云,雷阵雨,32,26,3-4,3-4,2022,8
216,2022-08-05,多云,多云,31,25,3-4,3-4,2022,8
217,2022-08-06,多云,多云,31,25,3-4,3-4,2022,8
218,2022-08-07,中到大雨,小到中雨,29,24,4-5,4-5,2022,8
219,2022-08-08,多云,多云,30,23,4-5,4-5,2022,8
220,2022-08-09,小雨,多云,27,21,3-4,3-4,2022,8
221,2022-08-10,晴,多云,28,22,3-4,3-4,2022,8
222,2022-08-11,多云,晴,29,23,3-4,3-4,2022,8
223,2022-08-12,多云,雷阵雨,29,24,3-4,3-4,2022,8
224,2022-08-13,多云,多云,29,24,3-4,3-4,2022,8
225,2022-08-14,小到中雨,大雨,30,26,4-5,4-5,2022,8
226,2022-08-15,雷阵雨,晴,29,22,4-5,4-5,2022,8
227,2022-08-16,晴,多云,28,23,4-5,4-5,2022,8
228,2022-08-17,晴,晴,29,22,3-4,3-4,2022,8
229,2022-08-18,雷阵雨,大雨,28,24,5-6,5-6,2022,8
230,2022-08-19,多云,晴,30,22,4-5,4-5,2022,8
231,2022-08-20,晴,晴,28,20,3-4,3-4,2022,8
232,2022-08-21,多云,中雨,28,23,4-5,4-5,2022,8
233,2022-08-22,中到大雨,多云,26,21,4-5,4-5,2022,8
234,2022-08-23,晴,晴,26,20,4-5,4-5,2022,8
235,2022-08-24,晴,多云,28,22,3-4,3-4,2022,8
236,2022-08-25,多云,晴,27,20,4-5,4-5,2022,8
237,2022-08-26,雷阵雨,晴,28,18,4-5,4-5,2022,8
238,2022-08-27,晴,晴,25,19,4-5,4-5,2022,8
239,2022-08-28,多云,阵雨,24,18,3-4,3-4,2022,8
240,2022-08-29,小雨,阴,23,18,4-5,4-5,2022,8
241,2022-08-30,多云,晴,24,19,3-4,3-4,2022,8
242,2022-08-31,晴,晴,26,18,4-5,4-5,2022,8
243,2022-09-01,晴,晴,25,16,4-5,4-5,2022,9
244,2022-09-02,晴,晴,26,18,3-4,3-4,2022,9
245,2022-09-03,多云,小雨,25,21,4-5,4-5,2022,9
246,2022-09-04,小到中雨,多云,25,18,4-5,4-5,2022,9
247,2022-09-05,雷阵雨,多云,25,17,4-5,4-5,2022,9
248,2022-09-06,晴,晴,26,19,4-5,4-5,2022,9
249,2022-09-07,晴,晴,28,20,3-4,3-4,2022,9
250,2022-09-08,晴,晴,28,19,3-4,3-4,2022,9
251,2022-09-09,晴,晴,27,20,3-4,3-4,2022,9
252,2022-09-10,多云,多云,27,20,3-4,3-4,2022,9
253,2022-09-11,晴,晴,25,20,3-4,3-4,2022,9
254,2022-09-12,晴,晴,26,19,3-4,3-4,2022,9
255,2022-09-13,晴,多云,27,20,4-5,4-5,2022,9
256,2022-09-14,小到中雨,大雨,25,19,4-5,4-5,2022,9
257,2022-09-15,暴雨,暴雨,23,20,5-6,5-6,2022,9
258,2022-09-16,暴雨,多云,23,18,5-6,5-6,2022,9
259,2022-09-17,晴,晴,26,21,4-5,4-5,2022,9
260,2022-09-18,晴,晴,26,17,5-6,5-6,2022,9
261,2022-09-19,晴,晴,21,14,5-6,5-6,2022,9
262,2022-09-20,晴,晴,21,14,4-5,4-5,2022,9
263,2022-09-21,晴,多云,23,18,4-5,4-5,2022,9
264,2022-09-22,雷阵雨,雷阵雨,23,12,5-6,5-6,2022,9
265,2022-09-23,多云,晴,21,15,5-6,5-6,2022,9
266,2022-09-24,晴,晴,23,18,3-4,3-4,2022,9
267,2022-09-25,晴,晴,23,18,4-5,4-5,2022,9
268,2022-09-26,晴,晴,24,17,3-4,3-4,2022,9
269,2022-09-27,晴,晴,24,17,3-4,3-4,2022,9
270,2022-09-28,晴,晴,23,18,3-4,3-4,2022,9
271,2022-09-29,晴,晴,24,19,3-4,3-4,2022,9
272,2022-09-30,晴,晴,25,19,3-4,3-4,2022,9
273,2022-10-01,多云,阵雨,23,17,4-5,4-5,2022,10
274,2022-10-02,小到中雨,多云,21,16,4-5,4-5,2022,10
275,2022-10-03,小到中雨,阴,20,9,5-6,5-6,2022,10
276,2022-10-04,晴,晴,12,8,6-7,6-7,2022,10
277,2022-10-05,晴,多云,13,9,4-5,4-5,2022,10
278,2022-10-06,多云,晴,16,11,3-4,3-4,2022,10
279,2022-10-07,晴,晴,18,13,3-4,3-4,2022,10
280,2022-10-08,多云,中到大雨,19,13,4-5,4-5,2022,10
281,2022-10-09,中雨,雷阵雨,15,7,5-6,5-6,2022,10
282,2022-10-10,阴,晴,13,8,5-6,5-6,2022,10
283,2022-10-11,晴,晴,17,11,3-4,3-4,2022,10
284,2022-10-12,晴,多云,18,13,3-4,3-4,2022,10
285,2022-10-13,多云,多云,18,13,3-4,3-4,2022,10
286,2022-10-14,多云,多云,18,12,3-4,3-4,2022,10
287,2022-10-15,多云,阴,19,11,3-4,3-4,2022,10
288,2022-10-16,多云,晴,14,9,4-5,4-5,2022,10
289,2022-10-17,晴,晴,13,7,4-5,4-5,2022,10
290,2022-10-18,晴,晴,15,10,3-4,3-4,2022,10
291,2022-10-19,晴,晴,18,13,4-5,4-5,2022,10
292,2022-10-20,多云,多云,17,14,4-5,4-5,2022,10
293,2022-10-21,晴,多云,19,13,4-5,4-5,2022,10
294,2022-10-22,晴,晴,17,9,4-5,4-5,2022,10
295,2022-10-23,多云,晴,18,8,4-5,4-5,2022,10
296,2022-10-24,晴,晴,16,11,4-5,4-5,2022,10
297,2022-10-25,晴,多云,18,14,4-5,4-5,2022,10
298,2022-10-26,阴,阴,17,9,4-5,4-5,2022,10
299,2022-10-27,晴,晴,14,6,4-5,4-5,2022,10
300,2022-10-28,晴,晴,12,6,4-5,4-5,2022,10
301,2022-10-29,晴,晴,13,7,3-4,3-4,2022,10
302,2022-10-30,多云,阵雨,15,11,3-4,3-4,2022,10
303,2022-10-31,阴,晴,16,8,4-5,4-5,2022,10
304,2022-11-01,晴,晴,12,6,4-5,4-5,2022,11
305,2022-11-02,小雨,小到中雨,13,2,4-5,4-5,2022,11
306,2022-11-03,多云,晴,7,3,4-5,4-5,2022,11
307,2022-11-04,晴,晴,11,6,4-5,4-5,2022,11
308,2022-11-05,晴,晴,14,8,4-5,4-5,2022,11
309,2022-11-06,阴,小雨,16,10,4-5,4-5,2022,11
310,2022-11-07,多云,晴,16,6,3-4,3-4,2022,11
311,2022-11-08,晴,多云,15,9,3-4,3-4,2022,11
312,2022-11-09,多云,阵雨,16,12,3-4,3-4,2022,11
313,2022-11-10,阵雨,多云,16,14,3-4,3-4,2022,11
314,2022-11-11,阴,小雨,16,14,3-4,4-5,2022,11
315,2022-11-12,中雨,多云,16,2,6-7,5-6,2022,11
316,2022-11-13,晴,多云,6,2,5-6,4-5,2022,11
317,2022-11-14,晴,晴,12,7,4-5,4-5,2022,11
318,2022-11-15,晴,晴,13,5,3-4,3-4,2022,11
319,2022-11-16,晴,晴,14,9,3-4,4-5,2022,11
320,2022-11-17,晴,多云,16,8,3-4,3-4,2022,11
321,2022-11-18,多云,多云,13,9,3-4,3-4,2022,11
322,2022-11-19,多云,多云,15,8,3-4,3-4,2022,11
323,2022-11-20,多云,多云,12,6,3-4,4-5,2022,11
324,2022-11-21,多云,晴,10,3,4-5,4-5,2022,11
325,2022-11-22,多云,多云,8,4,3-4,3-4,2022,11
326,2022-11-23,晴,多云,13,7,3-4,3-4,2022,11
327,2022-11-24,多云,多云,15,11,4-5,4-5,2022,11
328,2022-11-25,阴,晴,16,2,4-5,4-5,2022,11
329,2022-11-26,晴,多云,10,1,4-5,4-5,2022,11
330,2022-11-27,小到中雨,中到大雨,13,9,4-5,4-5,2022,11
331,2022-11-28,小雨,多云,12,-3,4-5,5-6,2022,11
332,2022-11-29,阴,阵雪,-2,-7,5-6,5-6,2022,11
333,2022-11-30,阵雪,多云,-1,-9,4-5,4-5,2022,11
334,2022-12-01,多云,多云,0,-3,4-5,4-5,2022,12
335,2022-12-02,多云,多云,5,-1,4-5,4-5,2022,12
336,2022-12-03,多云,多云,0,-6,4-5,4-5,2022,12
337,2022-12-04,晴,晴,1,-6,3-4,3-4,2022,12
338,2022-12-05,晴,晴,4,0,4-5,4-5,2022,12
339,2022-12-06,晴,晴,5,2,4-5,4-5,2022,12
340,2022-12-07,晴,晴,6,2,4-5,3-4,2022,12
341,2022-12-08,晴,晴,9,1,3-4,3-4,2022,12
342,2022-12-09,多云,阵雪,7,0,3-4,4-5,2022,12
343,2022-12-10,中到大雪,晴,2,-3,4-5,4-5,2022,12
344,2022-12-11,多云,多云,4,-3,3-4,4-5,2022,12
345,2022-12-12,多云,晴,5,-1,4-5,4-5,2022,12
346,2022-12-13,阵雪,多云,1,-7,5-6,5-6,2022,12
347,2022-12-14,多云,阵雪,2,-6,4-5,4-5,2022,12
348,2022-12-15,多云,晴,-2,-8,4-5,4-5,2022,12
349,2022-12-16,多云,阵雪,-3,-9,4-5,4-5,2022,12
350,2022-12-17,阵雪,阵雪,-7,-10,4-5,4-5,2022,12
351,2022-12-18,多云,多云,-2,-10,4-5,3-4,2022,12
352,2022-12-19,晴,晴,3,-4,3-4,3-4,2022,12
353,2022-12-20,多云,多云,7,-1,4-5,4-5,2022,12
354,2022-12-21,晴,多云,-1,-8,4-5,4-5,2022,12
355,2022-12-22,阵雪,多云,-7,-10,5-6,5-6,2022,12
356,2022-12-23,阴,多云,-5,-10,5-6,5-6,2022,12
357,2022-12-24,多云,晴,-2,-6,4-5,4-5,2022,12
358,2022-12-25,晴,晴,-2,-5,4-5,3-4,2022,12
359,2022-12-26,晴,晴,0,-5,3-4,3-4,2022,12
360,2022-12-27,多云,多云,3,-6,4-5,4-5,2022,12
361,2022-12-28,晴,晴,0,-4,4-5,3-4,2022,12
362,2022-12-29,晴,晴,0,-5,4-5,3-4,2022,12
363,2022-12-30,晴,晴,3,-2,4-5,4-5,2022,12
364,2022-12-31,晴,晴,5,-4,3-4,3-4,2022,12
365,2023-01-01,晴,晴,0,-5,4-5,3-4,2023,1
366,2023-01-02,晴,晴,-1,-5,3-4,3-4,2023,1
367,2023-01-03,晴,晴,2,-5,3-4,3-4,2023,1
368,2023-01-04,晴,晴,2,-3,3-4,3-4,2023,1
369,2023-01-05,晴,多云,6,0,3-4,3-4,2023,1
370,2023-01-06,阴,晴,6,-4,4-5,4-5,2023,1
371,2023-01-07,晴,多云,4,-3,3-4,3-4,2023,1
372,2023-01-08,晴,晴,8,-2,4-5,4-5,2023,1
373,2023-01-09,晴,晴,2,-3,4-5,3-4,2023,1
374,2023-01-10,晴,晴,6,-1,3-4,3-4,2023,1
375,2023-01-11,多云,多云,7,3,3-4,3-4,2023,1
376,2023-01-12,小雨,小到中雨,9,5,3-4,3-4,2023,1
377,2023-01-13,阴,多云,4,-8,5-6,5-6,2023,1
378,2023-01-14,多云,晴,-7,-11,5-6,5-6,2023,1
379,2023-01-15,晴,晴,-6,-11,4-5,4-5,2023,1
380,2023-01-16,晴,多云,0,-9,3-4,4-5,2023,1
381,2023-01-17,晴,晴,3,-6,4-5,3-4,2023,1
382,2023-01-18,晴,晴,4,-3,4-5,4-5,2023,1
383,2023-01-19,晴,晴,5,-9,4-5,5-6,2023,1
384,2023-01-20,晴,晴,-2,-9,4-5,3-4,2023,1
385,2023-01-21,晴,多云,4,-2,4-5,3-4,2023,1
386,2023-01-22,多云,晴,3,-12,4-5,4-5,2023,1
387,2023-01-23,多云,阵雪,-12,-15,4-5,4-5,2023,1
388,2023-01-24,阵雪,多云,-8,-16,4-5,4-5,2023,1
389,2023-01-25,晴,晴,-2,-8,4-5,4-5,2023,1
390,2023-01-26,多云,晴,-1,-9,4-5,4-5,2023,1
391,2023-01-27,晴,晴,-4,-5,4-5,4-5,2023,1
392,2023-01-28,晴,晴,2,-4,3-4,3-4,2023,1
393,2023-01-29,晴,晴,3,-2,4-5,3-4,2023,1
394,2023-01-30,晴,晴,7,1,3-4,4-5,2023,1
395,2023-01-31,晴,晴,6,-2,3-4,5-6,2023,1
396,2023-02-01,晴,晴,0,-5,5-6,4-5,2023,2
397,2023-02-02,多云,多云,-1,-6,3-4,3-4,2023,2
398,2023-02-03,晴,晴,4,-3,3-4,3-4,2023,2
399,2023-02-04,晴,晴,4,-1,3-4,3-4,2023,2
400,2023-02-05,多云,晴,8,0,4-5,3-4,2023,2
401,2023-02-06,多云,晴,5,-2,4-5,3-4,2023,2
402,2023-02-07,晴,晴,4,-2,3-4,3-4,2023,2
403,2023-02-08,晴,多云,3,-2,3-4,3-4,2023,2
404,2023-02-09,多云,阴,3,0,3-4,3-4,2023,2
405,2023-02-10,多云,多云,5,0,3-4,3-4,2023,2
406,2023-02-11,多云,多云,7,0,3-4,4-5,2023,2
407,2023-02-12,雨夹雪,多云,4,-4,4-5,4-5,2023,2
408,2023-02-13,晴,晴,-1,-4,4-5,4-5,2023,2
409,2023-02-14,晴,晴,0,-7,4-5,4-5,2023,2
410,2023-02-15,晴,晴,0,-6,4-5,3-4,2023,2
411,2023-02-16,晴,晴,6,0,3-4,3-4,2023,2
412,2023-02-17,多云,多云,7,2,3-4,3-4,2023,2
413,2023-02-18,小雨,小雪,6,-2,3-4,4-5,2023,2
414,2023-02-19,晴,晴,5,-4,4-5,4-5,2023,2
415,2023-02-20,晴,晴,0,-5,4-5,3-4,2023,2
416,2023-02-21,晴,多云,1,-4,3-4,3-4,2023,2
417,2023-02-22,多云,晴,6,1,4-5,3-4,2023,2
418,2023-02-23,多云,多云,7,-2,3-4,4-5,2023,2
419,2023-02-24,晴,晴,1,-2,4-5,4-5,2023,2
420,2023-02-25,晴,晴,4,0,3-4,3-4,2023,2
421,2023-02-26,晴,晴,8,2,3-4,3-4,2023,2
422,2023-02-27,晴,多云,10,3,4-5,4-5,2023,2
423,2023-02-28,多云,晴,9,0,4-5,3-4,2023,2
424,2023-03-01,多云,晴,9,-2,4-5,4-5,2023,3
425,2023-03-02,晴,晴,8,1,4-5,4-5,2023,3
426,2023-03-03,晴,晴,11,2,3-4,3-4,2023,3
427,2023-03-04,晴,多云,9,3,3-4,3-4,2023,3
428,2023-03-05,多云,多云,12,3,4-5,4-5,2023,3
429,2023-03-06,多云,晴,15,3,4-5,3-4,2023,3
430,2023-03-07,多云,阴,11,4,4-5,4-5,2023,3
431,2023-03-08,阴,多云,10,3,4-5,3-4,2023,3
432,2023-03-09,晴,晴,13,5,3-4,4-5,2023,3
433,2023-03-10,多云,阴,13,4,4-5,4-5,2023,3
434,2023-03-11,阴,多云,11,1,4-5,5-6,2023,3
435,2023-03-12,晴,晴,4,-2,5-6,3-4,2023,3
436,2023-03-13,多云,多云,11,4,4-5,4-5,2023,3
437,2023-03-14,多云,多云,13,4,4-5,4-5,2023,3
438,2023-03-15,晴,晴,7,2,4-5,3-4,2023,3
439,2023-03-16,晴,多云,7,1,3-4,3-4,2023,3
440,2023-03-17,多云,多云,7,3,3-4,3-4,2023,3
441,2023-03-18,晴,晴,9,3,3-4,3-4,2023,3
442,2023-03-19,多云,多云,12,6,3-4,4-5,2023,3
443,2023-03-20,阴,晴,12,5,4-5,4-5,2023,3
444,2023-03-21,晴,多云,12,7,4-5,4-5,2023,3
445,2023-03-22,多云,晴,14,6,3-4,4-5,2023,3
446,2023-03-23,晴,晴,10,2,4-5,4-5,2023,3
447,2023-03-24,晴,晴,7,2,4-5,3-4,2023,3
448,2023-03-25,多云,晴,9,2,3-4,3-4,2023,3
449,2023-03-26,晴,阴,9,3,4-5,3-4,2023,3
450,2023-03-27,多云,晴,13,3,3-4,3-4,2023,3
451,2023-03-28,晴,阴,12,6,3-4,4-5,2023,3
452,2023-03-29,多云,晴,16,8,4-5,3-4,2023,3
453,2023-03-30,晴,晴,19,9,3-4,3-4,2023,3
454,2023-03-31,晴,晴,16,8,3-4,3-4,2023,3
455,2023-04-01,晴,晴,17,9,3-4,3-4,2023,4
456,2023-04-02,晴,晴,18,8,3-4,3-4,2023,4
457,2023-04-03,多云,阴,17,9,3-4,4-5,2023,4
458,2023-04-04,中雨,中到大雨,13,9,5-6,5-6,2023,4
459,2023-04-05,小雨,多云,12,7,5-6,4-5,2023,4
460,2023-04-06,多云,晴,14,6,3-4,4-5,2023,4
461,2023-04-07,晴,晴,10,6,4-5,4-5,2023,4
462,2023-04-08,晴,晴,15,8,4-5,4-5,2023,4
463,2023-04-09,晴,多云,18,11,4-5,4-5,2023,4
464,2023-04-10,多云,多云,20,12,4-5,5-6,2023,4
465,2023-04-11,晴,晴,16,7,5-6,3-4,2023,4
466,2023-04-12,多云,阴,17,10,4-5,4-5,2023,4
467,2023-04-13,多云,多云,18,9,4-5,3-4,2023,4
468,2023-04-14,多云,多云,15,8,4-5,3-4,2023,4
469,2023-04-15,晴,晴,16,8,3-4,3-4,2023,4
470,2023-04-16,晴,多云,16,8,4-5,3-4,2023,4
471,2023-04-17,雷阵雨,雷阵雨,14,8,4-5,4-5,2023,4
472,2023-04-18,晴,晴,17,8,3-4,3-4,2023,4
473,2023-04-19,晴,多云,17,9,4-5,4-5,2023,4
474,2023-04-20,多云,多云,19,12,4-5,4-5,2023,4
475,2023-04-21,多云,多云,17,10,4-5,3-4,2023,4
476,2023-04-22,多云,多云,16,9,4-5,3-4,2023,4
477,2023-04-23,多云,多云,17,10,4-5,3-4,2023,4
478,2023-04-24,晴,多云,16,9,3-4,3-4,2023,4
479,2023-04-25,小雨,多云,15,8,4-5,4-5,2023,4
480,2023-04-26,晴,阴,16,9,4-5,4-5,2023,4
481,2023-04-27,多云,多云,19,12,4-5,4-5,2023,4
482,2023-04-28,阴,雷阵雨,17,9,4-5,4-5,2023,4
483,2023-04-29,多云,晴,16,8,5-6,4-5,2023,4
484,2023-04-30,晴,多云,20,11,4-5,3-4,2023,4
485,2023-05-01,晴,多云,20,12,3-4,4-5,2023,5
486,2023-05-02,多云,晴,21,12,4-5,4-5,2023,5
487,2023-05-03,多云,阴,19,13,4-5,4-5,2023,5
488,2023-05-04,中雨,大雨,15,13,4-5,4-5,2023,5
489,2023-05-05,小雨,多云,18,13,5-6,5-6,2023,5
490,2023-05-06,晴,晴,21,13,4-5,3-4,2023,5
491,2023-05-07,晴,晴,22,12,4-5,3-4,2023,5
492,2023-05-08,晴,晴,22,14,3-4,3-4,2023,5
493,2023-05-09,晴,晴,24,15,3-4,3-4,2023,5
494,2023-05-10,晴,晴,24,14,3-4,3-4,2023,5
495,2023-05-11,多云,多云,24,14,3-4,3-4,2023,5
496,2023-05-12,晴,雷阵雨,23,13,4-5,4-5,2023,5
497,2023-05-13,多云,晴,21,13,3-4,3-4,2023,5
498,2023-05-14,晴,多云,22,12,4-5,4-5,2023,5
499,2023-05-15,晴,晴,20,13,4-5,4-5,2023,5
500,2023-05-16,晴,多云,27,15,4-5,4-5,2023,5
501,2023-05-17,阴,中雨,22,15,1-2,1-2,2023,5
502,2023-05-18,晴,多云,23,13,3-4,3-4,2023,5
503,2023-05-19,多云,雷阵雨,22,14,4-5,4-5,2023,5
504,2023-05-20,多云,晴,23,15,4-5,4-5,2023,5
505,2023-05-21,晴,晴,22,15,4-5,3-4,2023,5
506,2023-05-22,晴,晴,25,15,3-4,3-4,2023,5
507,2023-05-23,晴,晴,26,16,3-4,3-4,2023,5
508,2023-05-24,晴,晴,24,16,4-5,4-5,2023,5
509,2023-05-25,多云,多云,21,15,4-5,4-5,2023,5
510,2023-05-26,晴,多云,23,16,3-4,3-4,2023,5
511,2023-05-27,小雨,小到中雨,19,16,4-5,4-5,2023,5
512,2023-05-28,多云,多云,22,16,3-4,3-4,2023,5
513,2023-05-29,晴,晴,29,17,4-5,4-5,2023,5
514,2023-05-30,多云,晴,24,16,3-4,3-4,2023,5
515,2023-05-31,晴,多云,25,18,4-5,4-5,2023,5
516,2023-06-01,多云,多云,25,17,4-5,4-5,2023,6
517,2023-06-02,晴,晴,28,18,4-5,3-4,2023,6
518,2023-06-03,晴,多云,27,18,4-5,3-4,2023,6
519,2023-06-04,晴,晴,27,19,4-5,4-5,2023,6
520,2023-06-05,晴,晴,28,19,4-5,4-5,2023,6
521,2023-06-06,晴,晴,28,18,4-5,3-4,2023,6
522,2023-06-07,多云,雷阵雨,30,18,4-5,4-5,2023,6
523,2023-06-08,多云,多云,28,19,4-5,3-4,2023,6
524,2023-06-09,晴,多云,28,18,4-5,3-4,2023,6
525,2023-06-10,多云,多云,25,18,3-4,3-4,2023,6
526,2023-06-11,多云,多云,25,16,3-4,3-4,2023,6
527,2023-06-12,多云,雷阵雨,23,17,3-4,3-4,2023,6
528,2023-06-13,多云,多云,25,17,3-4,3-4,2023,6
529,2023-06-14,晴,晴,27,19,3-4,3-4,2023,6
530,2023-06-15,晴,晴,28,20,3-4,4-5,2023,6
531,2023-06-16,晴,晴,30,21,4-5,3-4,2023,6
532,2023-06-17,晴,晴,26,19,3-4,3-4,2023,6
533,2023-06-18,晴,多云,27,19,3-4,3-4,2023,6
534,2023-06-19,多云,阵雨,26,19,3-4,3-4,2023,6
535,2023-06-20,阴,阴,25,19,4-5,3-4,2023,6
536,2023-06-21,多云,晴,26,20,3-4,3-4,2023,6
537,2023-06-22,晴,晴,29,20,3-4,3-4,2023,6
538,2023-06-23,晴,晴,28,21,3-4,3-4,2023,6
539,2023-06-24,晴,晴,29,21,4-5,3-4,2023,6
540,2023-06-25,多云,雷阵雨,26,22,3-4,3-4,2023,6
541,2023-06-26,中雨,多云,25,20,4-5,4-5,2023,6
542,2023-06-27,多云,晴,29,22,4-5,4-5,2023,6
543,2023-06-28,多云,大雨,27,22,4-5,4-5,2023,6
544,2023-06-29,阴,晴,27,21,4-5,3-4,2023,6
545,2023-06-30,晴,晴,29,20,4-5,4-5,2023,6
546,2023-07-01,晴,多云,30,23,4-5,3-4,2023,7
547,2023-07-02,晴,多云,28,22,3-4,3-4,2023,7
548,2023-07-03,多云,小雨,27,22,3-4,3-4,2023,7
549,2023-07-04,中到大雨,多云,26,22,3-4,4-5,2023,7
550,2023-07-05,晴,晴,30,23,4-5,4-5,2023,7
551,2023-07-06,晴,多云,31,23,4-5,4-5,2023,7
552,2023-07-07,多云,小到中雨,29,21,4-5,4-5,2023,7
553,2023-07-08,多云,多云,27,22,4-5,3-4,2023,7
554,2023-07-09,多云,多云,27,22,3-4,3-4,2023,7
555,2023-07-10,多云,雷阵雨,28,22,3-4,3-4,2023,7
556,2023-07-11,阴,多云,30,22,4-5,3-4,2023,7
557,2023-07-12,雷阵雨,小到中雨,28,23,3-4,4-5,2023,7
558,2023-07-13,小雨,多云,27,24,4-5,3-4,2023,7
559,2023-07-14,多云,多云,30,24,4-5,4-5,2023,7
560,2023-07-15,多云,多云,29,23,4-5,3-4,2023,7
561,2023-07-16,多云,晴,30,22,3-4,3-4,2023,7
562,2023-07-17,晴,晴,30,22,3-4,3-4,2023,7
563,2023-07-18,晴,晴,30,23,3-4,3-4,2023,7
564,2023-07-19,晴,晴,31,23,3-4,3-4,2023,7
565,2023-07-20,晴,晴,31,23,3-4,3-4,2023,7
566,2023-07-21,多云,小到中雨,29,23,4-5,4-5,2023,7
567,2023-07-22,大雨,多云,27,23,4-5,4-5,2023,7
568,2023-07-23,晴,多云,30,22,3-4,3-4,2023,7
569,2023-07-24,晴,晴,29,24,3-4,3-4,2023,7
570,2023-07-25,多云,多云,28,24,3-4,3-4,2023,7
571,2023-07-26,阴,阴,29,24,3-4,3-4,2023,7
572,2023-07-27,雷阵雨,多云,30,25,3-4,3-4,2023,7
573,2023-07-28,多云,小到中雨,30,24,4-5,4-5,2023,7
574,2023-07-29,大到暴雨,阴,27,25,4-5,4-5,2023,7
575,2023-07-30,多云,多云,29,25,4-5,3-4,2023,7
576,2023-07-31,多云,多云,29,25,3-4,3-4,2023,7
577,2023-08-01,晴,晴,30,25,3-4,3-4,2023,8
578,2023-08-02,晴,晴,31,26,4-5,4-5,2023,8
579,2023-08-03,多云,多云,32,26,4-5,4-5,2023,8
580,2023-08-04,多云,雷阵雨,31,25,4-5,3-4,2023,8
581,2023-08-05,雷阵雨,晴,30,22,4-5,4-5,2023,8
582,2023-08-06,晴,晴,28,21,4-5,4-5,2023,8
583,2023-08-07,晴,晴,29,22,4-5,3-4,2023,8
584,2023-08-08,晴,晴,30,24,3-4,3-4,2023,8
585,2023-08-09,晴,晴,31,24,3-4,4-5,2023,8
586,2023-08-10,多云,多云,31,24,4-5,4-5,2023,8
587,2023-08-11,多云,阴,30,24,4-5,3-4,2023,8
588,2023-08-12,中雨,大到暴雨,28,23,4-5,4-5,2023,8
589,2023-08-13,阵雨,多云,28,24,4-5,3-4,2023,8
590,2023-08-14,晴,晴,30,24,3-4,3-4,2023,8
591,2023-08-15,多云,多云,28,23,3-4,3-4,2023,8
592,2023-08-16,多云,多云,30,24,3-4,3-4,2023,8
593,2023-08-17,多云,多云,30,24,3-4,3-4,2023,8
594,2023-08-18,多云,多云,30,25,3-4,3-4,2023,8
595,2023-08-19,多云,多云,31,26,3-4,3-4,2023,8
596,2023-08-20,多云,小雨,29,25,3-4,4-5,2023,8
597,2023-08-21,中到大雨,多云,28,24,4-5,3-4,2023,8
598,2023-08-22,多云,晴,30,22,3-4,3-4,2023,8
599,2023-08-23,晴,晴,30,22,1-3,1-3,2023,8
600,2023-08-24,多云,多云,30,22,1-3,1-3,2023,8
601,2023-08-25,晴,晴,29,22,1-3,1-3,2023,8
602,2023-08-26,多云,多云,28,22,1-3,1-3,2023,8
603,2023-08-27,多云,多云,27,22,1-3,1-3,2023,8
604,2023-08-28,大雨,小雨,23,19,1-3,1-3,2023,8
605,2023-08-29,多云,晴,28,20,1-3,1-3,2023,8
606,2023-08-30,晴,多云,27,20,3-4,3-4,2023,8
607,2023-08-31,雷阵雨,多云,27,20,3-4,3-4,2023,8
608,2023-09-01,晴,晴,28,20,3-4,3-4,2023,9
609,2023-09-02,晴,晴,28,20,3-4,3-4,2023,9
610,2023-09-03,晴,多云,28,22,3-4,3-4,2023,9
611,2023-09-04,多云,晴,28,22,3-4,3-4,2023,9
612,2023-09-05,晴,晴,30,21,3-4,3-4,2023,9
613,2023-09-06,晴,晴,30,21,3-4,1-3,2023,9
614,2023-09-07,晴,多云,29,23,3-4,3-4,2023,9
615,2023-09-08,多云,多云,29,23,1-3,1-3,2023,9
616,2023-09-09,多云,多云,28,22,3-4,3-4,2023,9
617,2023-09-10,多云,多云,27,23,1-3,3-4,2023,9
618,2023-09-11,多云,雷阵雨,27,21,3-4,4-5,2023,9
619,2023-09-12,晴,晴,28,17,1-3,1-3,2023,9
620,2023-09-13,晴,晴,28,18,3-4,3-4,2023,9
621,2023-09-14,晴,晴,28,19,1-3,1-3,2023,9
622,2023-09-15,多云,多云,28,20,1-3,1-3,2023,9
623,2023-09-16,多云,多云,28,20,1-3,1-3,2023,9
624,2023-09-17,晴,多云,27,22,3-4,3-4,2023,9
625,2023-09-18,雷阵雨,雷阵雨,29,21,4-5,4-5,2023,9
626,2023-09-19,多云,晴,27,18,4-5,4-5,2023,9
627,2023-09-20,晴,晴,26,17,4-5,4-5,2023,9
628,2023-09-21,晴,晴,26,20,3-4,3-4,2023,9
629,2023-09-22,多云,多云,28,17,4-5,4-5,2023,9
630,2023-09-23,多云,多云,25,19,4-5,3-4,2023,9
631,2023-09-24,阵雨,雷阵雨,25,19,4-5,4-5,2023,9
632,2023-09-25,阵雨,小雨,23,18,3-4,3-4,2023,9
633,2023-09-26,小雨,阴,22,19,3-4,3-4,2023,9
634,2023-09-27,多云,晴,25,18,3-4,3-4,2023,9
635,2023-09-28,晴,晴,26,17,3-4,3-4,2023,9
636,2023-09-29,多云,多云,25,18,4-5,4-5,2023,9
637,2023-09-30,晴,晴,22,16,4-5,3-4,2023,9
638,2023-10-01,晴,晴,25,16,3-4,3-4,2023,10
639,2023-10-02,晴,多云,24,19,3-4,3-4,2023,10
640,2023-10-03,多云,多云,24,18,3-4,4-5,2023,10
641,2023-10-04,多云,晴,21,12,4-5,4-5,2023,10
642,2023-10-05,晴,晴,19,14,4-5,3-4,2023,10
643,2023-10-06,多云,多云,23,15,3-4,3-4,2023,10
644,2023-10-07,多云,多云,21,16,3-4,3-4,2023,10
645,2023-10-08,多云,雷阵雨,22,14,3-4,4-5,2023,10
646,2023-10-09,阵雨,晴,21,14,4-5,4-5,2023,10
647,2023-10-10,晴,晴,21,14,3-4,3-4,2023,10
648,2023-10-11,晴,多云,23,15,4-5,4-5,2023,10
649,2023-10-12,多云,阴,22,16,4-5,4-5,2023,10
650,2023-10-13,雷阵雨,雷阵雨,21,12,4-5,5-6,2023,10
651,2023-10-14,多云,晴,21,15,4-5,5-6,2023,10
652,2023-10-15,晴,晴,19,10,5-6,4-5,2023,10
653,2023-10-16,晴,晴,17,11,4-5,4-5,2023,10
654,2023-10-17,晴,阴,21,15,4-5,5-6,2023,10
655,2023-10-18,小雨,多云,20,13,5-6,4-5,2023,10
656,2023-10-19,晴,多云,19,10,5-6,5-6,2023,10
657,2023-10-20,晴,晴,15,11,5-6,5-6,2023,10
658,2023-10-21,晴,晴,18,12,4-5,5-6,2023,10
659,2023-10-22,晴,晴,21,14,4-5,4-5,2023,10
660,2023-10-23,晴,晴,22,16,4-5,5-6,2023,10
661,2023-10-24,晴,晴,22,14,4-5,4-5,2023,10
662,2023-10-25,晴,晴,22,11,4-5,5-6,2023,10
663,2023-10-26,晴,晴,17,8,6-7,5-6,2023,10
664,2023-10-27,晴,晴,19,12,5-6,4-5,2023,10
665,2023-10-28,晴,晴,20,14,4-5,4-5,2023,10
666,2023-10-29,晴,阴,21,16,4-5,5-6,2023,10
667,2023-10-30,多云,多云,22,16,4-5,5-6,2023,10
668,2023-10-31,晴,多云,22,14,5-6,4-5,2023,10
669,2023-11-01,晴,晴,22,16,3-4,4-5,2023,11
670,2023-11-02,晴,多云,24,8,5-6,5-6,2023,11
671,2023-11-03,晴,晴,13,8,4-5,4-5,2023,11
672,2023-11-04,晴,阴,17,10,4-5,4-5,2023,11
673,2023-11-05,中到大雨,中到大雨,18,8,5-6,5-6,2023,11
674,2023-11-06,小雨,多云,8,2,7-8,7-8,2023,11
675,2023-11-07,多云,阵雨,13,3,4-5,5-6,2023,11
676,2023-11-08,阴,多云,17,5,5-6,5-6,2023,11
677,2023-11-09,多云,晴,8,1,5-6,5-6,2023,11
678,2023-11-10,多云,多云,3,-2,5-6,4-5,2023,11
679,2023-11-11,晴,多云,3,-2,5-6,5-6,2023,11
680,2023-11-12,多云,晴,2,-2,5-6,5-6,2023,11
681,2023-11-13,晴,多云,8,2,4-5,4-5,2023,11
682,2023-11-14,晴,晴,12,7,4-5,4-5,2023,11
683,2023-11-15,多云,小雨,13,7,4-5,5-6,2023,11
684,2023-11-16,多云,雨夹雪,9,-1,5-6,5-6,2023,11
685,2023-11-17,小雪,多云,3,0,6-7,6-7,2023,11
686,2023-11-18,晴,晴,10,2,5-6,5-6,2023,11
687,2023-11-19,晴,晴,11,4,5-6,4-5,2023,11
688,2023-11-20,晴,晴,14,8,5-6,5-6,2023,11
689,2023-11-21,晴,多云,15,10,4-5,4-5,2023,11
690,2023-11-22,阴,多云,15,2,5-6,5-6,2023,11
691,2023-11-23,阵雪,多云,4,-4,5-6,5-6,2023,11
692,2023-11-24,多云,晴,-1,-5,5-6,4-5,2023,11
693,2023-11-25,阴,雨夹雪,7,-3,5-6,5-6,2023,11
694,2023-11-26,多云,雨夹雪,8,4,4-5,4-5,2023,11
695,2023-11-27,多云,多云,7,-4,5-6,5-6,2023,11
696,2023-11-28,多云,阵雪,1,-4,1-3,5-6,2023,11
697,2023-11-29,晴,晴,0,-5,5-6,5-6,2023,11
698,2023-11-30,晴,晴,0,-5,4-5,4-5,2023,11
699,2023-12-01,晴,晴,5,-2,5-6,5-6,2023,12
700,2023-12-02,晴,晴,8,-2,5-6,4-5,2023,12
701,2023-12-03,晴,晴,10,2,5-6,5-6,2023,12
702,2023-12-04,晴,多云,10,3,4-5,4-5,2023,12
703,2023-12-05,晴,多云,10,4,4-5,4-5,2023,12
704,2023-12-06,晴,晴,8,1,5-6,5-6,2023,12
705,2023-12-07,晴,晴,13,8,4-5,4-5,2023,12
706,2023-12-08,晴,晴,14,-1,4-5,5-6,2023,12
707,2023-12-09,晴,多云,6,-5,5-6,5-6,2023,12
708,2023-12-10,多云,阴,-2,-5,5-6,5-6,2023,12
709,2023-12-11,中雪,多云,-4,-8,5-6,5-6,2023,12
710,2023-12-12,晴,多云,-2,-8,4-5,5-6,2023,12
711,2023-12-13,多云,阴,1,-5,5-6,5-6,2023,12
712,2023-12-14,中雪,大雪,-3,-9,6-7,6-7,2023,12
713,2023-12-15,阵雪,阵雪,-8,-10,6-7,6-7,2023,12
714,2023-12-16,阵雪,阵雪,-8,-11,5-6,5-6,2023,12
715,2023-12-17,阵雪,多云,-6,-10,3-4,4-5,2023,12
716,2023-12-18,阵雪,阵雪,-1,-6,4-5,5-6,2023,12
717,2023-12-19,阵雪,阵雪,-1,-13,4-5,4-5,2023,12
718,2023-12-20,阵雪,阵雪,-11,-14,4-5,4-5,2023,12
719,2023-12-21,阵雪,多云,-8,-14,4-5,4-5,2023,12
720,2023-12-22,多云,多云,-3,-10,4-5,3-4,2023,12
721,2023-12-23,阵雪,多云,0,-6,3-4,3-4,2023,12
722,2023-12-24,雨夹雪,晴,0,-6,4-5,4-5,2023,12
723,2023-12-25,晴,晴,3,-4,4-5,4-5,2023,12
724,2023-12-26,晴,晴,2,-5,4-5,3-4,2023,12
725,2023-12-27,晴,多云,2,-3,3-4,3-4,2023,12
726,2023-12-28,雨夹雪,多云,4,-3,3-4,3-4,2023,12
727,2023-12-29,雨夹雪,小雨,4,-1,3-4,3-4,2023,12
728,2023-12-30,小雨,小雪,6,-4,3-4,4-5,2023,12
729,2023-12-31,多云,晴,-4,-8,5-6,4-5,2023,12
730,2024-01-01,晴,多云,1,-8,3-4,3-4,2024,1
731,2024-01-02,多云,多云,4,-4,3-4,3-4,2024,1
732,2024-01-03,晴,晴,2,-3,3-4,4-5,2024,1
733,2024-01-04,晴,晴,7,-3,4-5,4-5,2024,1
734,2024-01-05,晴,晴,2,-3,4-5,3-4,2024,1
735,2024-01-06,多云,多云,1,-8,4-5,4-5,2024,1
736,2024-01-07,晴,晴,-2,-8,4-5,3-4,2024,1
737,2024-01-08,晴,多云,4,-2,4-5,4-5,2024,1
738,2024-01-09,多云,晴,0,-7,4-5,4-5,2024,1
739,2024-01-10,晴,晴,3,-6,4-5,4-5,2024,1
740,2024-01-11,晴,晴,5,-3,4-5,3-4,2024,1
741,2024-01-12,晴,晴,5,-3,3-4,3-4,2024,1
742,2024-01-13,多云,雨夹雪,5,-5,4-5,4-5,2024,1
743,2024-01-14,晴,晴,-3,-6,4-5,4-5,2024,1
744,2024-01-15,晴,晴,3,-4,3-4,3-4,2024,1
745,2024-01-16,晴,多云,5,0,3-4,3-4,2024,1
746,2024-01-17,雨夹雪,阵雪,4,-4,3-4,4-5,2024,1
747,2024-01-18,晴,晴,0,-6,4-5,4-5,2024,1
748,2024-01-19,晴,多云,1,-6,4-5,4-5,2024,1
749,2024-01-20,小到中雪,阵雪,-3,-11,4-5,4-5,2024,1
750,2024-01-21,晴,阵雪,-9,-13,4-5,4-5,2024,1
751,2024-01-22,晴,晴,-10,-14,4-5,4-5,2024,1
752,2024-01-23,晴,晴,-2,-11,4-5,4-5,2024,1
753,2024-01-24,晴,晴,-3,-7,4-5,3-4,2024,1
754,2024-01-25,晴,晴,3,-3,3-4,3-4,2024,1
755,2024-01-26,晴,晴,2,-6,3-4,3-4,2024,1
756,2024-01-27,晴,晴,0,-5,3-4,3-4,2024,1
757,2024-01-28,晴,晴,4,-4,3-4,3-4,2024,1
758,2024-01-29,晴,晴,3,-2,3-4,3-4,2024,1
759,2024-01-30,阴,阴,6,-5,3-4,4-5,2024,1
760,2024-01-31,多云,晴,-4,-12,4-5,4-5,2024,1
761,2024-02-01,晴,晴,-8,-13,4-5,4-5,2024,2
762,2024-02-02,晴,多云,-3,-11,4-5,4-5,2024,2
763,2024-02-03,晴,晴,-1,-8,4-5,4-5,2024,2
764,2024-02-04,晴,阴,0,-8,4-5,4-5,2024,2
765,2024-02-05,小到中雪,多云,-4,-8,4-5,4-5,2024,2
766,2024-02-06,晴,晴,-3,-8,4-5,4-5,2024,2
767,2024-02-07,晴,晴,-1,-6,4-5,3-4,2024,2
768,2024-02-08,晴,晴,2,-5,3-4,3-4,2024,2
769,2024-02-09,晴,晴,5,-3,3-4,3-4,2024,2
770,2024-02-10,晴,晴,3,-3,3-4,3-4,2024,2
771,2024-02-11,晴,晴,6,0,4-5,3-4,2024,2
772,2024-02-12,晴,晴,11,4,4-5,4-5,2024,2
773,2024-02-13,晴,多云,12,2,3-4,3-4,2024,2
774,2024-02-14,多云,多云,7,-3,4-5,4-5,2024,2
775,2024-02-15,晴,晴,2,-3,4-5,3-4,2024,2
776,2024-02-16,晴,晴,7,2,4-5,4-5,2024,2
777,2024-02-17,晴,多云,10,3,4-5,4-5,2024,2
778,2024-02-18,小雨,小到中雨,10,-1,4-5,4-5,2024,2
779,2024-02-19,多云,晴,-2,-10,5-6,4-5,2024,2
780,2024-02-20,多云,小雪,-5,-9,4-5,5-6,2024,2
781,2024-02-21,小雪,多云,-6,-10,5-6,4-5,2024,2
782,2024-02-22,多云,多云,-4,-8,4-5,4-5,2024,2
783,2024-02-23,晴,晴,0,-8,4-5,3-4,2024,2
784,2024-02-24,阴,阴,3,-3,3-4,3-4,2024,2
785,2024-02-25,晴,晴,3,-4,4-5,4-5,2024,2
786,2024-02-26,晴,多云,2,-4,4-5,3-4,2024,2
787,2024-02-27,多云,多云,3,-2,1-3,1-3,2024,2
788,2024-02-28,多云,多云,5,-2,3-4,3-4,2024,2
789,2024-02-29,多云,晴,0,-8,4-5,4-5,2024,2
790,2024-03-01,晴,晴,2,-8,4-5,4-5,2024,3
791,2024-03-02,晴,晴,4,-2,4-5,1-3,2024,3
792,2024-03-03,晴,晴,5,-1,3-4,3-4,2024,3
793,2024-03-04,多云,多云,6,1,4-5,4-5,2024,3
794,2024-03-05,多云,多云,8,0,4-5,4-5,2024,3
795,2024-03-06,多云,多云,8,0,4-5,4-5,2024,3
796,2024-03-07,多云,晴,7,-1,4-5,4-5,2024,3
797,2024-03-08,晴,晴,3,-2,4-5,3-4,2024,3
798,2024-03-09,晴,晴,6,1,4-5,4-5,2024,3
799,2024-03-10,多云,阴,9,5,4-5,4-5,2024,3
800,2024-03-11,小雨,多云,10,1,4-5,4-5,2024,3
801,2024-03-12,晴,晴,9,3,4-5,3-4,2024,3
802,2024-03-13,晴,晴,12,3,4-5,3-4,2024,3
803,2024-03-14,晴,晴,15,7,4-5,4-5,2024,3
804,2024-03-15,晴,晴,17,4,4-5,3-4,2024,3
805,2024-03-16,多云,多云,13,3,4-5,4-5,2024,3
806,2024-03-17,晴,晴,8,0,4-5,3-4,2024,3
807,2024-03-18,多云,多云,11,2,3-4,3-4,2024,3
808,2024-03-19,多云,晴,8,2,4-5,4-5,2024,3
809,2024-03-20,晴,晴,7,2,4-5,4-5,2024,3
810,2024-03-21,小雨,小雨,11,6,4-5,4-5,2024,3
811,2024-03-22,阵雨,晴,14,4,4-5,3-4,2024,3
812,2024-03-23,多云,多云,9,2,3-4,4-5,2024,3
813,2024-03-24,多云,阵雨,14,5,4-5,3-4,2024,3
814,2024-03-25,阵雨,多云,8,4,4-5,3-4,2024,3
815,2024-03-26,晴,阴,14,5,3-4,4-5,2024,3
816,2024-03-27,多云,雷阵雨,14,7,4-5,4-5,2024,3
817,2024-03-28,多云,阵雨,12,4,4-5,4-5,2024,3
818,2024-03-29,晴,多云,12,6,4-5,3-4,2024,3
819,2024-03-30,晴,多云,14,5,4-5,3-4,2024,3
820,2024-03-31,多云,晴,12,5,3-4,3-4,2024,3
821,2024-04-01,多云,阴,11,7,4-5,4-5,2024,4
822,2024-04-02,多云,多云,12,8,4-5,4-5,2024,4
823,2024-04-03,多云,晴,16,7,4-5,4-5,2024,4
824,2024-04-04,晴,晴,15,5,4-5,3-4,2024,4
825,2024-04-05,晴,多云,17,9,4-5,3-4,2024,4
826,2024-04-06,晴,晴,19,10,4-5,3-4,2024,4
827,2024-04-07,晴,晴,20,8,3-4,4-5,2024,4
828,2024-04-08,晴,晴,18,5,4-5,4-5,2024,4
829,2024-04-09,多云,阴,13,6,3-4,3-4,2024,4
830,2024-04-10,阴,阵雨,17,10,3-4,4-5,2024,4
831,2024-04-11,晴,晴,19,11,4-5,4-5,2024,4
832,2024-04-12,晴,多云,19,11,4-5,3-4,2024,4
833,2024-04-13,多云,多云,17,9,4-5,4-5,2024,4
834,2024-04-14,阵雨,小到中雨,14,10,4-5,4-5,2024,4
835,2024-04-15,多云,晴,16,10,4-5,3-4,2024,4
836,2024-04-16,晴,晴,20,9,4-5,3-4,2024,4
837,2024-04-17,晴,晴,21,11,3-4,3-4,2024,4
838,2024-04-18,晴,多云,22,12,4-5,3-4,2024,4
839,2024-04-19,晴,多云,20,11,4-5,3-4,2024,4
840,2024-04-20,多云,晴,18,10,3-4,3-4,2024,4
841,2024-04-21,晴,晴,18,8,3-4,3-4,2024,4
842,2024-04-22,多云,阴,18,12,3-4,4-5,2024,4
843,2024-04-23,中雨,小雨,16,10,4-5,3-4,2024,4
844,2024-04-24,多云,晴,19,10,3-4,4-5,2024,4
845,2024-04-25,晴,晴,23,15,4-5,4-5,2024,4
846,2024-04-26,晴,多云,20,13,3-4,3-4,2024,4
847,2024-04-27,多云,多云,20,14,3-4,3-4,2024,4
848,2024-04-28,多云,多云,23,11,4-5,4-5,2024,4
849,2024-04-29,多云,多云,20,10,4-5,4-5,2024,4
850,2024-04-30,多云,晴,18,12,4-5,3-4,2024,4
851,2024-05-01,晴,晴,24,14,3-4,3-4,2024,5
852,2024-05-02,晴,晴,25,15,4-5,3-4,2024,5
853,2024-05-03,晴,晴,26,14,3-4,3-4,2024,5
854,2024-05-04,多云,雷阵雨,23,13,3-4,3-4,2024,5
855,2024-05-05,小到中雨,小到中雨,17,12,4-5,4-5,2024,5
856,2024-05-06,阵雨,多云,16,13,4-5,4-5,2024,5
857,2024-05-07,多云,晴,23,13,4-5,3-4,2024,5
858,2024-05-08,晴,晴,25,16,3-4,4-5,2024,5
859,2024-05-09,晴,多云,26,16,4-5,4-5,2024,5
860,2024-05-10,多云,阵雨,25,15,4-5,4-5,2024,5
861,2024-05-11,多云,晴,21,14,4-5,3-4,2024,5
862,2024-05-12,晴,晴,24,14,3-4,3-4,2024,5
863,2024-05-13,晴,晴,28,18,4-5,4-5,2024,5
864,2024-05-14,多云,阵雨,30,15,4-5,4-5,2024,5
865,2024-05-15,晴,晴,24,16,4-5,4-5,2024,5
866,2024-05-16,晴,晴,26,15,4-5,3-4,2024,5
867,2024-05-17,晴,晴,24,15,3-4,3-4,2024,5
868,2024-05-18,晴,晴,23,16,4-5,4-5,2024,5
869,2024-05-19,雷阵雨,雷阵雨,20,14,4-5,4-5,2024,5
870,2024-05-20,晴,晴,24,14,3-4,3-4,2024,5
871,2024-05-21,晴,晴,21,14,3-4,3-4,2024,5
872,2024-05-22,晴,晴,22,13,4-5,4-5,2024,5
873,2024-05-23,晴,多云,24,16,4-5,3-4,2024,5
874,2024-05-24,多云,阵雨,24,16,3-4,3-4,2024,5
875,2024-05-25,多云,中到大雨,23,17,3-4,4-5,2024,5
876,2024-05-26,阵雨,晴,20,15,4-5,4-5,2024,5
877,2024-05-27,晴,晴,24,16,4-5,3-4,2024,5
878,2024-05-28,晴,晴,25,16,3-4,3-4,2024,5
879,2024-05-29,晴,多云,26,18,4-5,4-5,2024,5
880,2024-05-30,多云,雷阵雨,22,15,4-5,4-5,2024,5
881,2024-05-31,多云,晴,25,16,4-5,3-4,2024,5
882,2024-06-01,晴,晴,25,16,3-4,3-4,2024,6
883,2024-06-02,晴,晴,27,17,3-4,3-4,2024,6
884,2024-06-03,晴,晴,26,16,3-4,3-4,2024,6
885,2024-06-04,晴,晴,26,18,3-4,3-4,2024,6
886,2024-06-05,多云,多云,24,17,3-4,3-4,2024,6
887,2024-06-06,晴,多云,26,18,3-4,4-5,2024,6
888,2024-06-07,多云,雷阵雨,23,18,4-5,4-5,2024,6
889,2024-06-08,多云,多云,25,18,3-4,3-4,2024,6
890,2024-06-09,多云,晴,26,18,3-4,3-4,2024,6
891,2024-06-10,晴,晴,23,17,3-4,3-4,2024,6
892,2024-06-11,阴,阴,29,19,4-5,4-5,2024,6
893,2024-06-12,晴,晴,28,20,4-5,3-4,2024,6
894,2024-06-13,多云,雷阵雨,25,20,4-5,4-5,2024,6
895,2024-06-14,小雨,多云,24,18,4-5,3-4,2024,6
896,2024-06-15,晴,晴,27,18,3-4,3-4,2024,6
897,2024-06-16,晴,晴,28,21,4-5,4-5,2024,6
898,2024-06-17,晴,晴,31,21,4-5,4-5,2024,6
899,2024-06-18,晴,晴,32,20,4-5,4-5,2024,6
900,2024-06-19,晴,晴,27,20,4-5,3-4,2024,6
901,2024-06-20,多云,多云,26,20,3-4,3-4,2024,6
902,2024-06-21,多云,多云,25,20,3-4,3-4,2024,6
903,2024-06-22,多云,多云,26,20,3-4,3-4,2024,6
904,2024-06-23,多云,多云,28,20,4-5,3-4,2024,6
905,2024-06-24,晴,晴,28,20,4-5,3-4,2024,6
906,2024-06-25,晴,晴,29,20,3-4,3-4,2024,6
907,2024-06-26,晴,晴,30,22,3-4,3-4,2024,6
908,2024-06-27,晴,晴,29,21,3-4,3-4,2024,6
909,2024-06-28,晴,多云,29,21,3-4,3-4,2024,6
910,2024-06-29,多云,小雨,25,20,4-5,4-5,2024,6
911,2024-06-30,多云,多云,28,21,3-4,3-4,2024,6
912,2024-07-01,多云,多云,30,21,3-4,3-4,2024,7
913,2024-07-02,中雨,小雨,24,20,4-5,4-5,2024,7
914,2024-07-03,多云,多云,27,21,4-5,3-4,2024,7
915,2024-07-04,中雨,多云,25,20,3-4,3-4,2024,7
916,2024-07-05,多云,大雨,27,22,4-5,5-6,2024,7
917,2024-07-06,小雨,多云,26,21,5-6,3-4,2024,7
918,2024-07-07,多云,多云,29,22,3-4,3-4,2024,7
919,2024-07-08,多云,多云,29,22,3-4,3-4,2024,7
920,2024-07-09,多云,多云,29,22,3-4,3-4,2024,7
921,2024-07-10,晴,晴,28,21,3-4,3-4,2024,7
922,2024-07-11,晴,晴,30,21,3-4,3-4,2024,7
923,2024-07-12,晴,多云,28,22,3-4,3-4,2024,7
924,2024-07-13,多云,多云,27,22,3-4,3-4,2024,7
925,2024-07-14,多云,多云,28,22,3-4,3-4,2024,7
926,2024-07-15,多云,小雨,29,23,3-4,3-4,2024,7
927,2024-07-16,雷阵雨,雷阵雨,28,24,4-5,4-5,2024,7
928,2024-07-17,多云,多云,29,22,3-4,3-4,2024,7
929,2024-07-18,晴,晴,31,24,3-4,3-4,2024,7
930,2024-07-19,多云,多云,31,24,3-4,3-4,2024,7
931,2024-07-20,阵雨,多云,28,23,3-4,3-4,2024,7
932,2024-07-21,多云,阵雨,31,24,4-5,4-5,2024,7
933,2024-07-22,小雨,多云,30,24,4-5,3-4,2024,7
934,2024-07-23,多云,多云,31,25,3-4,3-4,2024,7
935,2024-07-24,多云,雷阵雨,30,24,3-4,3-4,2024,7
936,2024-07-25,小雨,多云,29,25,3-4,4-5,2024,7
937,2024-07-26,小到中雨,中雨,28,25,4-5,4-5,2024,7
938,2024-07-27,大雨,小雨,27,24,4-5,4-5,2024,7
939,2024-07-28,小到中雨,大雨,27,24,4-5,4-5,2024,7
940,2024-07-29,小到中雨,多云,28,25,3-4,3-4,2024,7
941,2024-07-30,多云,晴,30,25,3-4,4-5,2024,7
942,2024-07-31,多云,中到大雨,31,25,4-5,4-5,2024,7
943,2024-08-01,多云,雷阵雨,31,24,4-5,3-4,2024,8
944,2024-08-02,多云,多云,32,25,3-4,3-4,2024,8
945,2024-08-03,多云,小雨,30,26,3-4,3-4,2024,8
946,2024-08-04,中雨,大雨,30,25,4-5,4-5,2024,8
947,2024-08-05,雷阵雨,小雨,30,25,3-4,3-4,2024,8
948,2024-08-06,多云,多云,30,25,3-4,3-4,2024,8
949,2024-08-07,晴,晴,30,24,3-4,3-4,2024,8
950,2024-08-08,晴,多云,31,24,1-3,1-3,2024,8
951,2024-08-09,多云,多云,30,25,3-4,4-5,2024,8
952,2024-08-10,中雨,雷阵雨,30,26,4-5,4-5,2024,8
953,2024-08-11,晴,晴,31,26,4-5,3-4,2024,8
954,2024-08-12,多云,多云,31,26,3-4,3-4,2024,8
955,2024-08-13,阴,多云,30,26,3-4,3-4,2024,8
956,2024-08-14,多云,多云,31,25,3-4,3-4,2024,8
957,2024-08-15,晴,晴,31,25,3-4,3-4,2024,8
958,2024-08-16,晴,晴,31,26,1-3,1-3,2024,8
959,2024-08-17,多云,多云,31,26,1-3,1-3,2024,8
960,2024-08-18,多云,雷阵雨,31,25,3-4,3-4,2024,8
961,2024-08-19,雷阵雨,雷阵雨,30,26,3-4,4-5,2024,8
962,2024-08-20,中雨,大雨,30,26,4-5,4-5,2024,8
963,2024-08-21,多云,多云,30,26,3-4,3-4,2024,8
964,2024-08-22,晴,晴,32,25,3-4,3-4,2024,8
965,2024-08-23,多云,晴,30,25,3-4,1-3,2024,8
966,2024-08-24,晴,多云,31,25,3-4,3-4,2024,8
967,2024-08-25,多云,多云,31,25,3-4,3-4,2024,8
968,2024-08-26,中雨,小雨,28,23,4-5,4-5,2024,8
969,2024-08-27,晴,晴,30,22,4-5,3-4,2024,8
970,2024-08-28,晴,晴,30,22,3-4,3-4,2024,8
971,2024-08-29,晴,晴,29,21,3-4,3-4,2024,8
972,2024-08-30,晴,晴,30,23,3-4,4-5,2024,8
973,2024-08-31,晴,多云,30,24,3-4,3-4,2024,8
974,2024-09-01,小到中雨,晴,29,19,4-5,4-5,2024,9
975,2024-09-02,晴,晴,28,20,4-5,4-5,2024,9
976,2024-09-03,晴,多云,28,22,3-4,3-4,2024,9
977,2024-09-04,多云,小雨,29,24,4-5,4-5,2024,9
978,2024-09-05,小雨,晴,26,19,4-5,4-5,2024,9
979,2024-09-06,晴,晴,28,20,3-4,3-4,2024,9
980,2024-09-07,晴,晴,29,21,3-4,3-4,2024,9
981,2024-09-08,晴,晴,28,23,3-4,3-4,2024,9
982,2024-09-09,晴,多云,29,23,4-5,4-5,2024,9
983,2024-09-10,小雨,中雨,28,20,4-5,4-5,2024,9
984,2024-09-11,多云,晴,27,19,3-4,3-4,2024,9
985,2024-09-12,多云,多云,27,22,3-4,3-4,2024,9
986,2024-09-13,多云,多云,28,18,4-5,4-5,2024,9
987,2024-09-14,多云,多云,24,16,4-5,4-5,2024,9
988,2024-09-15,晴,多云,24,17,4-5,3-4,2024,9
989,2024-09-16,晴,晴,27,20,3-4,3-4,2024,9
990,2024-09-17,晴,晴,27,22,3-4,3-4,2024,9
991,2024-09-18,多云,多云,28,22,3-4,3-4,2024,9
992,2024-09-19,多云,小雨,28,22,3-4,3-4,2024,9
993,2024-09-20,阵雨,阴,20,14,5-6,5-6,2024,9
994,2024-09-21,晴,晴,19,13,5-6,4-5,2024,9
995,2024-09-22,晴,晴,21,14,4-5,3-4,2024,9
996,2024-09-23,晴,晴,22,16,3-4,3-4,2024,9
997,2024-09-24,晴,阴,24,19,3-4,3-4,2024,9
998,2024-09-25,多云,晴,25,16,3-4,3-4,2024,9
999,2024-09-26,晴,晴,23,16,3-4,3-4,2024,9
1000,2024-09-27,晴,晴,25,17,3-4,3-4,2024,9
1001,2024-09-28,晴,晴,25,21,3-4,3-4,2024,9
1002,2024-09-29,多云,多云,25,21,3-4,3-4,2024,9
1003,2024-09-30,小雨,小雨,23,12,4-5,4-5,2024,9
1004,2024-10-01,晴,晴,18,12,4-5,4-5,2024,10
1005,2024-10-02,晴,晴,18,12,3-4,3-4,2024,10
1006,2024-10-03,晴,晴,21,15,3-4,3-4,2024,10
1007,2024-10-04,晴,晴,21,15,3-4,3-4,2024,10
1008,2024-10-05,晴,多云,22,17,3-4,3-4,2024,10
1009,2024-10-06,多云,多云,22,11,4-5,4-5,2024,10
1010,2024-10-07,晴,晴,17,12,4-5,3-4,2024,10
1011,2024-10-08,晴,多云,21,13,3-4,3-4,2024,10
1012,2024-10-09,多云,阴,21,15,3-4,4-5,2024,10
1013,2024-10-10,多云,晴,20,12,4-5,3-4,2024,10
1014,2024-10-11,晴,晴,21,15,3-4,3-4,2024,10
1015,2024-10-12,晴,多云,23,16,3-4,3-4,2024,10
1016,2024-10-13,多云,多云,21,17,3-4,3-4,2024,10
1017,2024-10-14,小雨,多云,22,13,4-5,4-5,2024,10
1018,2024-10-15,晴,晴,17,8,4-5,4-5,2024,10
1019,2024-10-16,晴,多云,19,10,3-4,3-4,2024,10
1020,2024-10-17,多云,小雨,22,18,3-4,3-4,2024,10
1021,2024-10-18,中到大雨,多云,17,2,5-6,5-6,2024,10
1022,2024-10-19,晴,晴,6,1,5-6,4-5,2024,10
1023,2024-10-20,小雨,小雨,17,6,4-5,4-5,2024,10
1024,2024-10-21,多云,小雨,17,11,3-4,3-4,2024,10
1025,2024-10-22,小到中雨,多云,13,6,4-5,4-5,2024,10
1026,2024-10-23,晴,晴,16,10,4-5,4-5,2024,10
1027,2024-10-24,晴,晴,19,13,3-4,3-4,2024,10
1028,2024-10-25,晴,晴,19,12,3-4,3-4,2024,10
1029,2024-10-26,晴,多云,17,8,3-4,4-5,2024,10
1030,2024-10-27,多云,晴,10,7,4-5,4-5,2024,10
1031,2024-10-28,晴,多云,15,8,3-4,3-4,2024,10
1032,2024-10-29,多云,晴,18,10,3-4,3-4,2024,10
1033,2024-10-30,晴,晴,17,11,3-4,3-4,2024,10
1034,2024-10-31,晴,阴,19,13,3-4,3-4,2024,10
1035,2024-11-01,多云,晴,19,10,4-5,4-5,2024,11
1036,2024-11-02,晴,晴,19,12,3-4,3-4,2024,11
1037,2024-11-03,多云,多云,20,7,4-5,4-5,2024,11
1038,2024-11-04,晴,多云,9,4,4-5,4-5,2024,11
1039,2024-11-05,多云,晴,13,3,4-5,3-4,2024,11
1040,2024-11-06,晴,晴,10,6,1-3,1-3,2024,11
1041,2024-11-07,晴,晴,14,10,1-3,1-3,2024,11
1042,2024-11-08,多云,多云,16,13,4-5,3-4,2024,11
1043,2024-11-09,多云,多云,17,13,3-4,3-4,2024,11
1044,2024-11-10,多云,晴,17,6,3-4,4-5,2024,11
1045,2024-11-11,晴,多云,15,10,3-4,3-4,2024,11
1046,2024-11-12,晴,晴,15,11,3-4,3-4,2024,11
1047,2024-11-13,多云,阴,16,13,3-4,3-4,2024,11
1048,2024-11-14,阵雨,阴,16,12,3-4,3-4,2024,11
1049,2024-11-15,多云,小雨,17,13,3-4,3-4,2024,11
1050,2024-11-16,多云,晴,15,1,4-5,4-5,2024,11
1051,2024-11-17,晴,晴,6,1,4-5,4-5,2024,11
1052,2024-11-18,晴,多云,4,-1,4-5,3-4,2024,11
1053,2024-11-19,多云,多云,11,4,4-5,4-5,2024,11
1054,2024-11-20,晴,晴,13,8,4-5,4-5,2024,11
1055,2024-11-21,晴,晴,12,3,4-5,4-5,2024,11
1056,2024-11-22,晴,晴,9,0,4-5,4-5,2024,11
1057,2024-11-23,晴,晴,8,0,3-4,3-4,2024,11
1058,2024-11-24,晴,多云,12,8,3-4,3-4,2024,11
1059,2024-11-25,中雨,雨夹雪,12,1,4-5,4-5,2024,11
1060,2024-11-26,阵雪,阵雪,0,-4,4-5,4-5,2024,11
1061,2024-11-27,阵雪,多云,2,-2,4-5,4-5,2024,11
1062,2024-11-28,多云,晴,4,1,4-5,4-5,2024,11
1063,2024-11-29,晴,晴,9,2,4-5,3-4,2024,11
1064,2024-11-30,晴,多云,13,7,3-4,3-4,2024,11
1065,2024-12-01,多云,多云,13,-3,4-5,4-5,2024,12
1066,2024-12-02,晴,晴,2,-3,4-5,3-4,2024,12
1067,2024-12-03,晴,晴,7,0,4-5,3-4,2024,12
1068,2024-12-04,晴,晴,5,-1,4-5,4-5,2024,12
1069,2024-12-05,晴,晴,7,-2,4-5,4-5,2024,12
1070,2024-12-06,晴,多云,3,-3,3-4,4-5,2024,12
1071,2024-12-07,多云,晴,2,-4,4-5,4-5,2024,12
1072,2024-12-08,晴,晴,4,-1,4-5,3-4,2024,12
1073,2024-12-09,晴,晴,7,0,4-5,3-4,2024,12
1074,2024-12-10,晴,多云,4,-3,4-5,4-5,2024,12
1075,2024-12-11,多云,多云,0,-4,4-5,3-4,2024,12
1076,2024-12-12,阵雨,雨夹雪,4,0,4-5,4-5,2024,12
1077,2024-12-13,多云,晴,2,-3,4-5,4-5,2024,12
1078,2024-12-14,晴,晴,3,-1,4-5,4-5,2024,12
1079,2024-12-15,晴,晴,3,-2,4-5,4-5,2024,12
1080,2024-12-16,晴,多云,4,-2,3-4,4-5,2024,12
1081,2024-12-17,晴,晴,-1,-6,4-5,4-5,2024,12
1082,2024-12-18,晴,晴,-3,-7,4-5,4-5,2024,12
1083,2024-12-19,晴,多云,3,-5,3-4,4-5,2024,12
1084,2024-12-20,多云,多云,4,-6,4-5,4-5,2024,12
1085,2024-12-21,多云,晴,-1,-6,4-5,4-5,2024,12
1086,2024-12-22,晴,晴,3,-1,4-5,4-5,2024,12
1087,2024-12-23,晴,晴,2,-4,4-5,3-4,2024,12
1088,2024-12-24,晴,晴,5,-2,3-4,4-5,2024,12
1089,2024-12-25,晴,晴,6,-6,4-5,4-5,2024,12
1090,2024-12-26,晴,多云,0,-6,4-5,4-5,2024,12
1091,2024-12-27,多云,晴,0,-4,4-5,4-5,2024,12
1092,2024-12-28,晴,晴,3,-2,4-5,3-4,2024,12
1093,2024-12-29,晴,晴,6,0,4-5,4-5,2024,12
1094,2024-12-30,晴,晴,7,-2,4-5,4-5,2024,12
1095,2024-12-31,晴,晴,5,-2,4-5,3-4,2024,12
